<service>
	<id>cphogarautomatico.exe</id>
	<name>CP-HogarAutomatico</name>
	<description>CP HogarAutomatico</description>
	<executable>C:\Program Files\nodejs\node.exe</executable>
	<logmode>rotate</logmode>
	<argument>--harmony</argument>
	<argument>C:\Users\User\AppData\Roaming\npm\node_modules\qckwinsvc\node_modules\node-windows\lib\wrapper.js</argument>
	<argument>--file</argument>
	<argument>C:\Users\User\Desktop\HogarAutomatico\server.js</argument>
	<argument>--log</argument>
	<argument>CP-HogarAutomatico wrapper</argument>
	<argument>--grow</argument>
	<argument>0.25</argument>
	<argument>--wait</argument>
	<argument>1</argument>
	<argument>--maxrestarts</argument>
	<argument>3</argument>
	<argument>--abortonerror</argument>
	<argument>n</argument>
	<argument>--stopparentfirst</argument>
	<argument>undefined</argument>
	<stoptimeout>30sec</stoptimeout>
	<workingdirectory>C:\Users\User\Desktop\HogarAutomatico</workingdirectory>
</service>